temps_ms,pi_valeur,erreur_avant,error_avant_relative,log10Error,ntotal,n_workers
3281,3.14157968,-1.2973589793130458E-5,-4.129638944293929E-6,-4.88693983797634,800000000,8
3407,3.141588155,-4.498589793122676E-6,-1.4319476555075934E-6,-5.346923606457772,800000000,8
3262,3.141601135,8.48141020703963E-6,2.6997094292301464E-6,-5.0715319314441,800000000,8
3336,3.141475505,-1.1714858979328113E-4,-3.729094484640304E-5,-3.931262934968705,800000000,8
3267,3.14157024,-2.241358979304664E-5,-7.134518116980456E-6,-4.649488580660091,800000000,8
32013,3.141608398,1.5744410206686155E-5,5.011576304898251E-6,-4.802873603606621,8000000000,8
32240,3.141605269,1.2615410206695543E-5,4.01559366199788E-6,-4.899098623259139,8000000000,8
31820,3.141625983,3.332941020683933E-5,1.0608968218111191E-5,-4.477172371493429,8000000000,8
32423,3.1415915635,-1.0900897930987696E-6,-3.469864783709557E-7,-5.962537726792271,8000000000,8
32237,3.141580088,-1.2565589793123166E-5,-3.999767454956942E-6,-4.900817122042561,8000000000,8
536,3.141515625,-7.702858979330429E-5,-2.4519562844225644E-5,-4.113348052944879,32000000,2
561,3.141475625,-1.1702858979312225E-4,-3.725274481259814E-5,-3.9317080282314305,32000000,2
541,3.142107875,5.152214102071007E-4,1.6397317683025146E-4,-3.2880060980131516,32000000,2
540,3.14129625,-2.964035897932149E-4,-9.435709535298204E-5,-3.5281165408480955,32000000,2
536,3.141647625,5.497141020693874E-5,1.749763715366988E-5,-4.259863121734722,32000000,2
539,3.141419125,-1.735285897930261E-4,-5.523891683604177E-5,-3.760628962564984,32000000,2
544,3.14143525,-1.574035897933257E-4,-5.0105629200323546E-5,-3.8029853672142186,32000000,2
544,3.1415625,-3.015358979308047E-5,-9.598277861121805E-6,-4.520660977569567,32000000,2
574,3.141386875,-2.057785897933151E-4,-6.550565020531421E-5,-3.6865998133360973,32000000,2
542,3.141844375,2.517214102066845E-4,8.011899386540573E-5,-3.599079843890761,32000000,2
544,3.142007625,4.1497141020707673E-4,1.3207205702025522E-4,-3.381981823328905,32000000,2
145,3.14120325,-3.8940358979333567E-4,-1.2396637810473923E-4,-3.4096000491687075,16000000,1
140,3.14141325,-1.7940358979329218E-4,-5.7109197522259194E-5,-3.746168871148002,16000000,1
129,3.14121825,-3.7440358979301536E-4,-1.191905687524308E-4,-3.4266599958852577,16000000,1
531,3.1415355,-5.715358979330176E-5,-1.8192883637094588E-5,-4.242956486555486,32000000,2
531,3.14127825,-3.144035897930664E-4,-1.000877874454663E-4,-3.502512503922644,32000000,2
515,3.141564875,-2.777858979330361E-5,-8.842277940640526E-6,-4.55628980541381,32000000,2
530,3.142021125,4.284714102067433E-4,1.3636808702447643E-4,-3.3680781511122726,32000000,2
531,3.1412315,-3.611535897931617E-4,-1.1497197509739785E-4,-3.4423080639834955,32000000,2
515,3.1417275,1.3484641020689025E-4,4.292110318507581E-5,-3.870160610561407,32000000,2
535,3.141415125,-1.7752858979314112E-4,-5.6512298670854945E-5,-3.750731696752222,32000000,2
572,6.28283025,3.141237596410207,0.49997174385066456,0.49710078673513675,16000000,1
551,3.141736875,1.4422141020675738E-4,4.590499330303E-5,-3.8409702621933532,32000000,2
598,6.28347375,3.1418810964102066,0.5000229524966515,0.4971897452647285,16000000,1
532,3.141175125,-4.1752858979293705E-4,-1.3292114357773576E-4,-3.3793137813439658,32000000,2
548,6.28235025,3.1407575964102072,0.4999335394282111,0.4970344188550857,16000000,1
520,3.14131575,-2.7690358979315377E-4,-8.81489196981086E-5,-3.557671414000716,32000000,2
536,6.2826315,3.141038846410207,0.49995592554015095,0.4970733075151143,16000000,1
551,3.14180175,2.0909641020683267E-4,6.655302493444491E-5,-3.679653423139987,32000000,2
551,6.2836035,3.142010846410207,0.5000332765124672,0.4972076799171852,16000000,1
551,3.141553125,-3.95285897929476E-5,-1.258249923529388E-5,-4.403088679106707,32000000,2
551,6.28310625,3.141513596410207,0.49999370875038235,0.4971389436741604,16000000,1
141,3.14135925,-2.3340358979329068E-4,-7.43001902101107E-5,-3.6318924687044096,16000000,1
110,3.1407655,-8.271535897930171E-4,-2.6336050551784815E-4,-3.0824138411048683,16000000,1
94,3.14150675,-8.590358979310153E-5,-2.734470960251845E-5,-4.065988687219282,16000000,1
580,3.1413825625,-2.1009108979308522E-4,-6.68785433207119E-5,-3.6775923661364214,64000000,4
626,12.56553025,9.423937596410207,0.7499832803641698,0.9742324016339826,16000000,1
604,3.141291875,-3.007785897932713E-4,-9.574996586182281E-5,-3.5217530811973194,64000000,4
604,12.5651675,9.423574846410206,0.7499760625085345,0.9742156842741923,16000000,1
453,3.14164072,4.8066410206715204E-5,1.529977947532944E-5,-4.3181583115229145,50000000,4
452,3.14157672,-1.5933589792904712E-5,-5.071844876958698E-6,-4.7976863678514565,50000000,4
578,3.141717375,1.2472141020669625E-4,3.969848185554764E-5,-3.904058987287431,64000000,4
469,3.14180048,2.0782641020700154E-4,6.614882502246022E-5,-3.6822992639089924,50000000,4
469,3.14139256,-2.0009358979322656E-4,-6.369582469286378E-5,-3.6987668242174716,50000000,4
533,3.141419,-1.736535897931546E-4,-5.527870996933379E-5,-3.7603162344595025,16000000,1
515,3.1414735,-1.1915358979308621E-4,-3.792920417539292E-5,-3.923892868937806,16000000,1
538,3.14057575,-0.0010169035897931167,-3.2379527537048476E-4,-2.9927202195508085,16000000,1
531,3.14186625,2.7359641020696657E-4,8.708085845696537E-5,-3.56288960518852,16000000,1
524,3.14145275,-1.3990358979310002E-4,-4.453467899305505E-5,-3.854171141781705,16000000,1
5016,3.141512975,-7.96785897931862E-5,-2.536312612020525E-5,-4.098658360960578,160000000,1
5007,3.141677525,8.487141020685485E-5,2.7014679110598674E-5,-4.071238581610701,160000000,1
4954,3.141476475,-1.1617858979295903E-4,-3.6982161323668365E-5,-3.93487389941129,160000000,1
5190,3.141446425,-1.4622858979329578E-4,-4.654817240542174E-5,-3.8349677082564306,160000000,1
5411,3.14165235,5.969641020708849E-5,1.900159647106991E-5,-4.224051784015138,160000000,1
5260,3.14171285,1.2019641020666327E-4,3.825824190350919E-5,-3.9201085028051437,160000000,1
5070,3.141658925,6.627141020709715E-5,2.1094400057159975E-5,-4.178673787841913,160000000,1
5070,3.141791275,1.9862141020698942E-4,6.321916156158063E-5,-3.7019739389545285,160000000,1
5300,3.14163685,4.419641020669829E-5,1.4067956392445006E-5,-4.354613004196956,160000000,1
5300,3.141538475,-5.417858979317458E-5,-1.724587816584821E-5,-4.266172303345176,160000000,1
5257,3.141605375,1.2721410207028327E-5,4.0493342379223316E-6,-4.895464743154289,160000000,1
5288,3.1416884,9.574641020693164E-5,3.0476100114489918E-5,-4.018877499934238,160000000,1
5350,3.14150445,-8.82035897933342E-5,-2.807686291621653E-5,-4.054513739179853,160000000,1
5381,3.141821825,2.2917141020695198E-4,7.294220454622757E-5,-3.6398395628120537,160000000,1
5226,3.1416133,2.0646410206826005E-5,6.57191329271047E-6,-4.685155448263895,160000000,1
5257,3.1416211,2.8446410206939277E-5,9.054691607125785E-6,-4.545972531577662,160000000,1
5331,3.141681675,8.902141020694643E-5,2.8335592022366947E-5,-4.050505530248461,160000000,1
5331,3.141517925,-7.472858979307162E-5,-2.3787414739348216E-5,-4.1265132132592335,160000000,1
5067,3.141477875,-1.147785897930298E-4,-3.653649472003039E-5,-3.9401391154391026,160000000,1
5067,3.1414288,-1.6385358979320586E-4,-5.21589379307931E-5,-3.785544039418607,160000000,1
5269,3.141781625,1.8897141020701724E-4,6.01478500935014E-5,-3.723603895977717,160000000,1
5285,3.1414406,-1.5205358979297756E-4,-4.840250354979736E-5,-3.818003322255279,160000000,1
5158,3.141350025,-2.4262858979318125E-4,-7.72370439022252E-5,-3.615058025984471,160000000,1
5158,3.1417568,1.6414641020690013E-4,5.224669529064125E-5,-3.7847686106159197,160000000,1
5083,3.14140155,-1.9110358979324005E-4,-6.08338624501029E-5,-3.7187311548458117,160000000,1
5083,3.14165725,6.459641020706286E-5,2.0561253207065428E-5,-4.189791616224461,160000000,1
5209,3.141466025,-1.2662858979295422E-4,-4.030875673498783E-5,-3.897468229646095,160000000,1
5209,3.141636525,4.387141020689711E-5,1.3964508579456725E-5,-4.357818405366416,160000000,1
5374,3.141511875,-8.077858979316233E-5,-2.5713284879167398E-5,-4.092703732874298,160000000,1
5374,3.141599075,6.421410206680633E-6,2.043994174107221E-6,-5.192369585992632,160000000,1
5254,3.14141285,-1.7980358979308164E-4,-5.723653603603284E-5,-3.7452016417920926,160000000,1
5254,3.14163135,3.869641020681769E-5,1.2317298210949445E-5,-4.412329321794578,160000000,1
5111,3.14174705,1.543964102070916E-4,4.914348855904602E-5,-3.8113628014444227,160000000,1
5127,3.141582075,-1.0578589793031057E-5,-3.3672810515482255E-6,-4.9755722232200155,160000000,1
5206,3.1415546,-3.8053589793030085E-5,-1.2112980558424827E-5,-4.419604367703757,160000000,1
5206,3.14157515,-1.7503589793133045E-5,-5.571596717376964E-6,-4.756872873172662,160000000,1
5253,3.141638125,4.547141020694312E-5,1.4473789913961883E-5,-4.342261576791224,160000000,1
5268,3.141562775,-2.987858979297542E-5,-9.51074096966769E-6,-4.524639904165272,160000000,1
5315,3.14162195,2.9296410207102497E-5,9.325250037517243E-6,-4.533185592026752,160000000,1
5331,3.141443075,-1.4957858979292027E-4,-4.761461093574655E-5,-3.8251305655639807,160000000,1
5207,3.141489825,-1.0282858979326903E-4,-3.273242809031509E-5,-3.9878861201344264,160000000,1
5222,3.141702025,1.093714102067267E-4,3.4812789162182465E-5,-3.9610961881684394,160000000,1
5331,3.14174365,1.5099641020688281E-4,4.8061340143675575E-5,-3.821033377513943,160000000,1
5503,3.1418944,3.017464102068601E-4,9.603964099075389E-5,-3.5203578878805732,160000000,1
5519,3.14138665,-2.0600358979327993E-4,-6.557727931812531E-5,-3.686125211602551,160000000,1
5268,3.141612,1.934641020673311E-5,6.1581157083475336E-6,-4.713399608011452,160000000,1
5347,3.141429725,-1.6292858979305436E-4,-5.186447065692496E-5,-3.788002701450119,160000000,1
5409,3.141612,1.934641020673311E-5,6.1581157083475336E-6,-4.713399608011452,160000000,1
5424,3.141225275,-3.67378589793077E-4,-1.1695391372179667E-4,-3.4348861572454075,160000000,1
5830,3.14136285,-2.298035897929651E-4,-7.315410564334047E-5,-3.6386431914218895,160000000,1
5877,3.14154755,-4.510358979326057E-5,-1.435712465764224E-5,-4.3457888912625915,160000000,1
5635,3.14154275,-4.9903589792954506E-5,-1.588505831822741E-5,-4.301868212468874,160000000,1
5744,3.14164805,5.539641020702035E-5,1.7632914102844955E-5,-4.256518377470038,160000000,1
5760,3.14160965,1.6996410206804313E-5,5.410096129162423E-6,-4.7696427957984735,160000000,1
5426,3.14148015,-1.1250358979308928E-4,-3.581228733630205E-5,-3.948833619753004,160000000,1
5880,3.141512275,-8.037858979292878E-5,-2.558595439291377E-5,-4.094859617583172,160000000,1
6020,3.1415721,-2.0553589793248506E-5,-6.5424536311767305E-6,-4.687112315333174,160000000,1
5501,3.141727425,1.3477141020690198E-4,4.2897231992333634E-5,-3.8704022272833862,160000000,1
5595,3.1416714,7.874641020677586E-5,2.5065132593681143E-5,-4.103769235162786,160000000,1
5611,3.1416751,8.244641020693777E-5,2.624281874562324E-5,-4.083828249191789,160000000,1
5814,3.141895675,3.0302141020710494E-4,9.644540798036042E-5,-3.518526685008243,160000000,1
5539,3.14165405,6.139641020697084E-5,1.954270242039248E-5,-4.211857020925287,160000000,1
5586,3.141625975,3.332141020706558E-5,1.0606421793117999E-5,-4.477276626947513,160000000,1
5664,3.141646375,5.3721410206986064E-5,1.709976356170451E-5,-4.269852595462111,160000000,1
5695,3.1416146,2.1946410206918898E-5,6.985710534614557E-6,-4.658636507532341,160000000,1
5707,3.141691475,9.882141020689517E-5,3.145484239724563E-5,-4.005148952908623,160000000,1
5754,3.14154235,-5.030358979318805E-5,-1.6012386334116443E-5,-4.29840102147005,160000000,1
5832,3.14151415,-7.85035897932218E-5,-2.4989093171272778E-5,-4.105110483487341,160000000,1
5957,3.141752975,1.6032141020705382E-4,5.102928571494511E-5,-3.795008475687797,160000000,1
5820,3.1412296,-3.630535897931608E-4,-1.1557690332255905E-4,-3.4400292646782957,160000000,1
5836,3.141649275,5.662141020668088E-5,1.8022829810205624E-5,-4.247019318345111,160000000,1
6179,3.1416223,2.964641020675174E-5,9.43665640734462E-6,-4.528027886508286,160000000,1
6367,3.141572075,-2.057858979309657E-5,-6.550411482473013E-6,-4.686584389829212,160000000,1
5857,3.1414889,-1.0375358979297644E-4,-3.3026884097211495E-5,-3.983996868106858,160000000,1
5950,3.1416062,1.3546410206899395E-5,4.311937698270202E-6,-4.868175777401186,160000000,1
6091,3.14163155,3.889641020693446E-5,1.2380958615893217E-5,-4.410090478346773,160000000,1
6122,3.1415875,-5.153589793138735E-6,-1.6404412715350871E-6,-5.287890152658642,160000000,1
5571,3.1414604,-1.322535897929633E-4,-4.209939739904514E-5,-3.878592530966755,160000000,1
5618,3.141630075,3.742141020701695E-5,1.1911462939193102E-5,-4.426879850358569,160000000,1
5649,3.14153255,-6.010358979313679E-5,-1.9131932850142452E-5,-4.221099588217032,160000000,1
5712,3.141664475,7.182141020667387E-5,2.2860942273816138E-5,-4.143746071794684,160000000,1
5790,3.141560275,-3.2378589793324863E-5,-1.0306531455400729E-5,-4.489742070292784,160000000,1
5679,3.141420675,-1.719785897931203E-4,-5.4745482246856453E-5,-3.764525616542864,160000000,1
5789,3.141480975,-1.1167858979321821E-4,-3.554966293985537E-5,-3.952030078683042,160000000,1
5882,3.14177105,1.7839641020689356E-4,5.678211663669559E-5,-3.7486138889902936,160000000,1
5898,3.14153885,-5.3803589793233186E-5,-1.7126507855611333E-5,-4.269188747096031,160000000,1
6007,3.141700925,1.0827141020675057E-4,3.446267254313858E-5,-3.9654862066121517,160000000,1
6099,3.141614975,2.2321410206860293E-5,7.105075059957114E-6,-4.651278371306545,160000000,1
6114,3.1415426,-5.0053589792931064E-5,-1.5932806320350728E-5,-4.300564769905864,160000000,1
6193,3.141427075,-1.6557858979293627E-4,-5.270808006674364E-5,-3.7809958205458294,160000000,1
6208,3.141455775,-1.3687858979327672E-4,-4.3571706749007706E-5,-3.863664477810565,160000000,1
6302,3.141679625,8.697141020697075E-5,2.7683093309353827E-5,-4.0606234879552305,160000000,1
5912,3.141781725,1.8907141020685359E-4,6.017967725203876E-5,-3.723374136560069,160000000,1
5959,3.1414255,-1.6715358979313422E-4,-5.320947123945299E-5,-3.7768842920561068,160000000,1
6318,3.14168215,8.949641020672416E-5,2.8486780626972136E-5,-4.048194384334116,160000000,1
6318,3.1416166,2.3946410206754365E-5,7.62232100720195E-6,-4.620759582218035,160000000,1
6334,3.1419749,3.8224641020701E-4,1.2165800885519805E-4,-3.4176565844888467,160000000,1
6053,3.141406225,-1.8642858979323051E-4,-5.934558488793678E-5,-3.729487485558587,160000000,1
6100,3.141436625,-1.5602858979324452E-4,-4.966790943721315E-5,-3.806795816697968,160000000,1
6147,3.1417926,1.9994641020693038E-4,6.364086865788989E-5,-3.6990863886863306,160000000,1
6303,3.1418479,2.5524641020702177E-4,8.124085516903022E-5,-3.5930403571283964,160000000,1
6334,3.1414631,-1.2955358979294118E-4,-4.1239889080008985E-5,-3.887550548670701,160000000,1
5724,3.14164485,5.2196410206928334E-5,1.661435735071338E-5,-4.2823593644485385,160000000,1
5756,3.141726475,1.3382141020690241E-4,4.2594863452236853E-5,-3.8734743978473434,160000000,1
5802,3.14182895,2.3629641020672665E-4,7.520982649508231E-5,-3.626542876079235,160000000,1
5818,3.14176355,1.708964102067334E-4,5.439505789884583E-5,-3.767267059829181,160000000,1
5818,3.141503,-8.965358979295956E-5,-2.8538438382188257E-5,-4.047432316296323,160000000,1
5881,3.141503325,-8.932858979315839E-5,-2.843498177521693E-5,-4.0490095220493,160000000,1
5663,3.1415781,-1.4553589793298016E-5,-4.632572971303186E-6,-4.837029870243051,160000000,1
5725,3.141680925,8.827141020706364E-5,2.8096873079835005E-5,-4.054179935152167,160000000,1
5803,3.141441975,-1.506785897928964E-4,-4.7964785277594175E-5,-3.8219484530296235,160000000,1
5834,3.1415279,-6.475358979329826E-5,-2.0612132648351862E-5,-4.188736150270566,160000000,1
5850,3.141766175,1.7352141020676726E-4,5.523052975346495E-5,-3.760646931472605,160000000,1
5897,3.14154125,-5.140358979316417E-5,-1.6362538544787267E-5,-4.289006550792206,160000000,1
6018,3.141458375,-1.3427858979309093E-4,-4.274402960793359E-5,-3.871993228403284,160000000,1
6033,3.14167505,8.239641020679755E-5,2.6226904086340042E-5,-4.084091708950212,160000000,1
6158,3.141413875,-1.787785897930938E-4,-5.691023115923998E-5,-3.7476844927630855,160000000,1
6283,3.14169155,9.889641020688344E-5,3.1478714136301336E-5,-4.004819472362745,160000000,1
6329,3.14171855,1.2589641020710474E-4,4.007246613707798E-5,-3.899986653128613,160000000,1
6356,3.14158185,-1.0803589792995894E-5,-3.4389012633861164E-6,-4.966431914119946,160000000,1
6087,3.141721325,1.2867141020667106E-4,4.0955704499561576E-5,-3.8905179392556155,160000000,1
6243,3.141559475,-3.317858979290378E-5,-1.056118467816172E-5,-4.479142076966739,160000000,1
6259,3.141584825,-7.828589793312801E-6,-2.491923735757414E-6,-5.106316462736541,160000000,1
6321,3.14181795,2.2529641020696545E-4,7.170893215087954E-5,-3.6472457281151685,160000000,1
6462,3.141570025,-2.262858979307225E-5,-7.202955723729969E-6,-4.645342510303794,160000000,1
6602,3.141453475,-1.391785897930653E-4,-4.4303883823415624E-5,-3.856427568244746,160000000,1
6185,3.141564975,-2.767858979302318E-5,-8.810446390026734E-6,-4.557856040686016,160000000,1
6264,3.1414981,-9.455358979293393E-5,-3.0098248282541992E-5,-4.024321978213259,160000000,1
6279,3.1416081,1.544641020689852E-5,4.916720900642738E-6,-4.811172435882026,160000000,1
6295,3.14149085,-1.0180358979328119E-4,-3.2406139204028304E-5,-3.992236907658143,160000000,1
6310,3.1415102,-8.245358979319661E-5,-2.6246481642235832E-5,-4.083790431669697,160000000,1
6874,3.141587025,-5.628589792916472E-6,-1.7916389863229943E-6,-5.249600401217999,160000000,1
5846,3.1419047,3.1204641020687873E-4,9.931759235309675E-5,-3.5057808091936935,160000000,1
5861,3.141518225,-7.44285897931185E-5,-2.3691917239511958E-5,-4.128260209556684,160000000,1
5877,3.141472625,-1.200285897930975E-4,-3.820774653196206E-5,-3.9207152963646736,160000000,1
5924,3.141391225,-2.0142858979310674E-4,-6.412082270749538E-5,-3.6958788877636204,160000000,1
5939,3.141602975,1.0321410206959314E-5,3.2853961143703444E-6,-4.9862609613076545,160000000,1
5955,3.141635725,4.3071410206874106E-5,1.3709867717675672E-5,-4.365810908710174,160000000,1
5971,3.141686925,9.427141020701413E-5,3.0006621429031833E-5,-4.0256199962542745,160000000,1
5807,3.141738075,1.4542141020701393E-4,4.62869299526231E-5,-3.837371648152098,160000000,1
5822,3.141597425,4.771410206938498E-6,1.5187847331962012E-6,-5.321353244738152,160000000,1
5869,3.141559925,-3.2728589792974105E-5,-1.0417942224347066E-5,-4.485072707136969,160000000,1
5885,3.14169465,1.0199641020669503E-4,3.2465411686872576E-5,-3.9914151130896354,160000000,1
5885,3.14168545,9.279641020709661E-5,2.9537142302739635E-5,-4.03246882396868,160000000,1
5979,3.141587575,-5.0785897931504564E-6,-1.6165679523196028E-6,-5.294256864502722,160000000,1
6010,3.1413483,-2.4435358979291166E-4,-7.778621357998145E-5,-3.6119812763787977,160000000,1
6234,3.14167605,8.339641020693733E-5,2.6545197174908383E-5,-4.078852643137704,160000000,1
6312,3.14152065,-7.200358979320143E-5,-2.2919979785331486E-5,-4.142645850950473,160000000,1
6328,3.141661025,6.837141020676896E-5,2.176282217040553E-5,-4.165125462388948,160000000,1
6343,3.141509075,-8.35785897930208E-5,-2.6604599190285897E-5,-4.077904960905676,160000000,1
6499,3.141583025,-9.628589793031495E-6,-3.0648847146197875E-6,-5.016437315155014,160000000,1
6593,3.1417062,1.1354641020666634E-4,3.614163864420752E-5,-3.9448265915374225,160000000,1
6609,3.14136435,-2.2830358979319954E-4,-7.267657118258172E-5,-3.641487259709411,160000000,1
6268,3.141496575,-9.607858979299166E-5,-3.058370031582532E-5,-4.017373379976681,160000000,1
6315,3.14166615,7.349641020670816E-5,2.3394086671719772E-5,-4.133733872691193,160000000,1
6346,3.141672425,7.97714102067637E-5,2.5391383764895128E-5,-4.098152730380733,160000000,1
6580,3.1414702,-1.2245358979301457E-4,-3.8979707588190576E-5,-3.9120284787757282,160000000,1
6580,3.1418589,2.6624641020678297E-4,8.474168276837097E-5,-3.574716239094597,160000000,1
6705,3.14162945,3.6796410206818564E-5,1.1712523960080195E-5,-4.434194548267118,160000000,1
6783,3.141712725,1.2007141020697887E-4,3.821845621068962E-5,-3.920560388662394,160000000,1
6300,3.14172185,1.291964102070331E-4,4.1122803473844475E-5,-3.8887495532831617,160000000,1
6331,3.1415815,-1.1153589793089225E-5,-3.5503105022388323E-6,-4.95258533204042,160000000,1
6331,3.1418653,2.72646410206967E-4,8.677851663690578E-5,-3.564400216068371,160000000,1
6440,3.141529325,-6.332858979307687E-5,-2.015852256705478E-5,-4.198400182774892,160000000,1
6487,3.141585375,-7.278589793102697E-6,-2.3168524564138884E-6,-5.137952755906714,160000000,1
6503,3.141644225,5.157141020672995E-5,1.6415420242796573E-5,-4.287590992761842,160000000,1
6534,3.141544725,-4.79285897929671E-5,-1.5256376715428459E-5,-4.31940534910424,160000000,1
5803,3.141703775,1.1112141020674926E-4,3.536979236903048E-5,-3.954202255741253,160000000,1
5865,3.141314125,-2.7852858979304784E-4,-8.86662647254508E-5,-3.555130219692793,160000000,1
5928,3.141660325,6.767141020702638E-5,2.154001489865916E-5,-4.1695947731434195,160000000,1
5943,3.14180755,2.148964102066664E-4,6.839897313464232E-5,-3.6677708392338126,160000000,1
5943,3.14130745,-2.8520358979333693E-4,-9.0791364529867E-5,-3.5448450124189597,160000000,1
5975,3.141461075,-1.315785897930688E-4,-4.1884520180810706E-5,-3.880814772509213,160000000,1
5975,3.141432625,-1.6002858979291545E-4,-5.094127708465988E-5,-3.7958024218433546,160000000,1
6021,3.14165155,5.8896410207065486E-5,1.8746958174615348E-5,-4.2299111750732346,160000000,1
5831,3.14164245,4.979641020685932E-5,1.585043842492621E-5,-4.302801964138786,160000000,1
5862,3.14172715,1.3449641020679692E-4,4.280970427581432E-5,-3.8712893070978915,160000000,1
5878,3.1415018,-9.085358979321612E-5,-2.8920432193677596E-5,-4.041657908239442,160000000,1
5878,3.141665475,7.282141020681365E-5,2.3179237505168706E-5,-4.137740915087499,160000000,1
5878,3.141464125,-1.2852858979295334E-4,-4.0913594642101265E-5,-3.891000257482334,160000000,1
5925,3.1415633,-2.9353589793057466E-5,-9.343625128628624E-6,-4.532338779187009,160000000,1
5956,3.14164915,5.649641020699647E-5,1.7983042507148345E-5,-4.247979146460597,160000000,1
6003,3.14163325,4.059641020681681E-5,1.2922071730306781E-5,-4.39151236780946,160000000,1
6459,3.141663525,7.087141020667431E-5,2.2558561616388984E-5,-4.14952892551584,160000000,1
6459,3.141434025,-1.5862858979298622E-4,-5.049559803917455E-5,-3.799618536625249,160000000,1
6459,3.1415575,-3.515358979333527E-5,-1.1189860377642387E-5,-4.454030319354483,160000000,1
6521,3.141307525,-2.8512858979290456E-4,-9.076748695367052E-5,-3.5449592338768543,160000000,1
6521,3.14171095,1.1829641020666415E-4,3.76534990294585E-5,-3.927028434164053,160000000,1
6568,3.14153165,-6.100358979299614E-5,-1.9418422791632907E-5,-4.2146446079168145,160000000,1
6584,3.141396675,-1.9597858979292226E-4,-6.238581435848826E-5,-3.707791371718435,160000000,1
6600,3.1415258,-6.685358979297007E-5,-2.128061141276321E-5,-4.174875267752478,160000000,1
6428,3.141406875,-1.8577858979318407E-4,-5.913865894661737E-5,-3.7310043380843205,160000000,1
6428,3.141581325,-1.1328589792913846E-5,-3.6060151309034935E-6,-4.945824148677954,160000000,1
6474,3.141534075,-5.857858979307906E-5,-1.864649193502033E-5,-4.2322610876297695,160000000,1
6506,3.1416183,2.5646410207080805E-5,8.163439271753925E-6,-4.590973415595494,160000000,1
6506,3.1416968,1.0414641020695115E-4,3.3149733038194886E-5,-3.982355695031462,160000000,1
6521,3.1417908,1.981464102067676E-4,6.306798345923211E-5,-3.7030137913162373,160000000,1
6537,3.1415014,-9.125358979300557E-5,-2.9047763528930966E-5,-4.039750041976934,160000000,1
6646,3.141533975,-5.86785897929154E-5,-1.8678324111683496E-5,-4.23152033198817,160000000,1
6381,3.141422775,-1.698785897930044E-4,-5.4076958741411174E-5,-3.7698613528594755,160000000,1
6506,3.14172985,1.3719641020681905E-4,4.3669066647095406E-5,-3.8626572519511746,160000000,1
6521,3.14147415,-1.1850358979303977E-4,-3.772228709666122E-5,-3.926268493504556,160000000,1
6537,3.141627225,3.457141020701826E-5,1.1004300552245902E-5,-4.461282904731963,160000000,1
6568,3.141658025,6.537141020679371E-5,2.080793316350646E-5,-4.184612146234588,160000000,1
6568,3.141374275,-2.183785897931223E-4,-6.951689632497621E-5,-3.6607899428468826,160000000,1
6568,3.141615925,2.3271410206859855E-5,7.407465063336746E-6,-4.6331772984278965,160000000,1
6631,3.141819325,2.2667141020704662E-4,7.214654528456903E-5,-3.644603253461121,160000000,1
493,3.1416477333333335,5.507974354035383E-5,1.7532119516758626E-5,-4.259008090551433,15000000,1
481,3.1415477333333333,-4.49202564598572E-5,-1.4298766172874491E-5,-4.34755777291853,15000000,1
5008,3.141784275,1.9162141020689916E-4,6.0991269111530314E-5,-3.717555968038093,160000000,1
4966,3.14169025,9.759641020679055E-5,3.106493716456947E-5,-4.010566156268285,160000000,1
5131,3.141355975,-2.3667858979292689E-4,-7.534281109065548E-5,-3.6258410270533608,160000000,1
5195,3.14180485,2.1219641020708835E-4,6.753965326875358E-5,-3.673261967467854,160000000,1
5239,3.1415283,-6.435358979306471E-5,-2.048480346112582E-5,-4.191427222126568,160000000,1
5226,3.1415206,-7.205358979289755E-5,-2.293589600937124E-5,-4.142344377259295,160000000,1
5226,3.141603725,1.1071410206842103E-5,3.5241269033197695E-6,-4.955797057888802,160000000,1
5059,3.141426625,-1.6602858979331003E-4,-5.285133463631672E-5,-3.7798171208733597,160000000,1
5059,3.141504275,-8.837858979315882E-5,-2.8132570277390067E-5,-4.053652932508232,160000000,1
5329,3.141645225,5.257141020686973E-5,1.673371957741337E-5,-4.279250373051053,160000000,1
5360,3.14152195,-7.070358979310853E-5,-2.2506158135584103E-5,-4.150558535456852,160000000,1
5296,3.141460825,-1.318285897933258E-4,-4.1964104325039865E-5,-3.8799903936645763,160000000,1
5296,3.1413626,-2.300535897932221E-4,-7.323369476456558E-5,-3.638170985545354,160000000,1
5223,3.141743675,1.5102141020673088E-4,4.806929712581689E-5,-3.820961478696903,160000000,1
5255,3.141612525,1.9871410207095153E-5,6.325226312590904E-6,-4.7017713113789785,160000000,1
5513,3.141831825,2.391714102070175E-4,7.612482893065656E-5,-3.621290735768114,160000000,1
5607,3.1415649,-2.7753589793011457E-5,-8.834320052726416E-6,-4.556680835011021,160000000,1
5638,3.141649725,5.707141020705464E-5,1.8166064075476982E-5,-4.243581396111012,160000000,1
5255,3.141598425,5.771410207078276E-6,1.8370935512161378E-6,-5.238718056805652,160000000,1
5317,3.14160725,1.45964102067353E-5,4.646160084694005E-6,-4.835753940044423,160000000,1
5333,3.141612875,2.0221410206744395E-5,6.436633350868985E-6,-4.694188560730601,160000000,1
5432,3.14157655,-1.610358979320381E-5,-5.125958109537012E-6,-4.79307730076328,160000000,1
5932,3.141473725,-1.1892858979312138E-4,-3.7857579023081394E-5,-3.9247137307736115,160000000,1
5963,3.141681825,8.917141020692299E-5,2.8383335797196136E-5,-4.049774365126195,160000000,1
5453,3.141846225,2.535714102069875E-4,8.070777245216305E-5,-3.5958997140761184,160000000,1
5891,3.141588425,-4.228589792987236E-6,-1.3460037474473558E-6,-5.3738044428461995,160000000,1
5922,3.1414738,-1.188535897931331E-4,-3.7833703974590876E-5,-3.9249876965289467,160000000,1
5312,3.1415516,-4.105358979300533E-5,-1.306793426312187E-5,-4.386648861464651,160000000,1
6218,3.141602125,9.471410206796094E-6,3.0148344156713015E-6,-5.0235853536858635,160000000,1
6265,3.141363675,-2.2897858979309405E-4,-7.289146163348758E-5,-3.6402051236400843,160000000,1
5515,3.141574475,-1.8178589793027555E-5,-5.7864583309066885E-6,-4.7404398102703285,160000000,1
5546,3.141403,-1.896535897931706E-4,-6.0372257170815267E-5,-3.722038932488687,160000000,1
5593,3.141818125,2.2547141020679007E-4,7.176462838910833E-5,-3.6469085188707044,160000000,1
5593,3.141680375,8.772141020685353E-5,2.7921812449445477E-5,-4.056894395232864,160000000,1
5531,3.141592575,-7.858979289565582E-8,-2.5015908657619556E-8,-7.104633855702938,160000000,1
5531,3.1415427,-4.995358979309472E-5,-1.5900974318475672E-5,-4.301433296801101,160000000,1
5640,3.141638925,4.6271410206966124E-5,1.4728430386686185E-5,-4.334687264369329,160000000,1
5661,3.14167965,8.699641020681881E-5,2.7691050615812726E-5,-4.060498667605921,160000000,1
5949,3.141572975,-1.9678589793237222E-5,-6.263928913902509E-6,-4.706006027193265,160000000,1
6094,3.1416985,1.058464102068335E-4,3.3690823676057235E-5,-3.975323866542069,160000000,1
6278,3.14155095,-4.1703589793051776E-5,-1.3274841139549805E-5,-4.3798265598892625,160000000,1
6390,3.1416207,2.804641020670573E-5,8.927369942114824E-6,-4.552122718264799,160000000,1
5954,3.141668175,7.552141020683578E-5,2.4038633617579864E-5,-4.121929909079042,160000000,1
5970,3.1416484,5.5746410206669594E-5,1.7744318621609472E-5,-4.253783093797835,160000000,1
6110,3.141578475,-1.4178589792912533E-5,-4.513205672162155E-6,-4.848366962073433,160000000,1
6152,3.14152925,-6.340358979306515E-5,-2.0182396771593056E-5,-4.197886152478143,160000000,1
5797,3.141559975,-3.267858979327798E-5,-1.0402026398772789E-5,-4.485736693210987,160000000,1
6000,3.141719425,1.2677141020667193E-4,4.035096488817487E-5,-3.896978678547842,160000000,1
6060,3.14153815,-5.450358979297576E-5,-1.734933245772481E-5,-4.263574892660276,160000000,1
6296,3.141524675,-6.797858979323834E-5,-2.163872540432564E-5,-4.167627849040506,160000000,1
5671,3.14167955,8.689641020698247E-5,2.7659221389075936E-5,-4.060998164397144,160000000,1
5733,3.141442375,-1.5027858979310693E-4,-4.7837449124976206E-5,-3.8231028889875827,160000000,1
5733,3.14166895,7.629641020701072E-5,2.428531185853007E-5,-4.117495895386698,160000000,1
5760,3.14151485,-7.780358979303514E-5,-2.4766265164411092E-5,-4.109000364561215,160000000,1
5828,3.1414899,-1.0275358979328075E-4,-3.270855328654113E-5,-3.9882029967007533,160000000,1
5468,3.1417287,1.3604641020670272E-4,4.330304211394915E-5,-3.86631291325937,160000000,1
5499,3.14203385,4.41196410206679E-4,1.4041745928570408E-4,-3.3553680298532726,160000000,1
5764,3.14173975,1.4709641020704822E-4,4.6820049371386735E-5,-3.8323979258196723,160000000,1
5797,3.141750075,1.574214102069149E-4,5.0106280400714215E-5,-3.8029362014408825,160000000,1
5906,3.141638075,4.5421410206802904E-5,1.4457874880066478E-5,-4.342739386287015,160000000,1
5938,3.1417863,1.9364641020702678E-4,6.163576759088509E-5,-3.7129905495001543,160000000,1
6016,3.1416548,6.214641020685363E-5,1.9781425447141305E-5,-4.206583952660006,160000000,1
6203,3.14176905,1.763964102070581E-4,5.6145568754348155E-5,-3.7535102573171777,160000000,1
6328,3.14174225,1.4959641020695358E-4,4.7615748938969636E-5,-3.8250788279021504,160000000,1
6360,3.14157515,-1.7503589793133045E-5,-5.571596717376964E-6,-4.756872873172662,160000000,1
6093,3.141674675,8.202141020685616E-5,2.6107544125922636E-5,-4.086072768091804,160000000,1
6140,3.1417365,1.43846410206816E-4,4.578563804024176E-5,-3.842100971777299,160000000,1
6194,3.141654275,6.162141020693568E-5,1.961431934038499E-5,-4.210268367069345,160000000,1
6203,3.141614825,2.2171410206883735E-5,7.057329253239609E-6,-4.654206682817387,160000000,1
6484,3.14157625,-1.6403589793156925E-5,-5.221452063484668E-6,-4.785061099711052,160000000,1
6000,3.141501775,-9.087858979306418E-5,-2.8928390401136787E-5,-4.041538420737836,160000000,1
6125,3.14169145,9.87964102070471E-5,3.144688515068757E-5,-4.005258835327292,160000000,1
6125,3.14143915,-1.53503589793047E-4,-4.886409777921276E-5,-3.813881463775838,160000000,1
6203,3.141515175,-7.747858979323397E-5,-2.466280933792846E-5,-4.1108182925810945,160000000,1
6242,3.1415202,-7.24535897931311E-5,-2.3063225820776547E-5,-4.139940092059949,160000000,1
5659,3.1417199,1.2724641020689376E-4,4.0502149859665644E-5,-3.8953544608523285,160000000,1
5769,3.141281525,-3.111285897929861E-4,-9.904511496879799E-5,-3.5070600794768305,160000000,1
5791,3.1414299,-1.6275358979322974E-4,-5.180876065171142E-5,-3.7884694235880514,160000000,1
5848,3.141560525,-3.2128589793067874E-5,-1.0226952349761867E-5,-4.493108336338605,160000000,1
5878,3.141447625,-1.4502858979303923E-4,-4.6166165126830413E-5,-3.8385463759343996,160000000,1
5907,3.141633175,4.0521410206828534E-5,1.2898199105256309E-5,-4.392315448938933,160000000,1
5704,3.14158635,-6.303589793255071E-6,-2.0064989756703876E-6,-5.2004120563564165,160000000,1
5735,3.141467,-1.256535897931066E-4,-3.999837967201521E-5,-3.9008250995499787,160000000,1
5781,3.141345125,-2.475285897931556E-4,-7.879700572319497E-5,-3.606374632397782,160000000,1
5938,3.141523,-6.965358979327263E-5,-2.2171917822429642E-5,-4.1570564960780025,160000000,1
5954,3.141656,6.334641020666609E-5,2.0163382052861962E-5,-4.198277991224261,160000000,1
6110,3.141594475,1.8214102071034688E-6,5.797725395807072E-7,-5.739592233985996,160000000,1
5984,3.141581725,-1.0928589793124388E-5,-3.4786902744426894E-6,-4.961435875065591,160000000,1
6078,3.14157525,-1.7403589793296703E-5,-5.5397653751240575E-6,-4.759361161681733,160000000,1
6203,3.141552925,-3.972858979306437E-5,-1.2646162818684447E-5,-4.400896850397948,160000000,1
6295,3.141713025,1.2037141020693198E-4,3.831394186836399E-5,-3.9194766514816775,160000000,1
6343,3.14171935,1.2669641020668365E-4,4.032709357272274E-5,-3.897235690164032,160000000,1
6418,3.14177005,1.7739641020675379E-4,5.646384279675522E-5,-3.7510551727972583,160000000,1
6158,3.141580725,-1.1928589793264166E-5,-3.797002476600109E-6,-4.9234108959108935,160000000,1
6277,3.1415553,-3.735358979328751E-5,-1.189015828984055E-5,-4.427667654825827,160000000,1
6314,3.1413572,-2.3545358979326636E-4,-7.49528228732684E-5,-3.628094683791987,160000000,1
6361,3.14179545,2.0279641020692907E-4,6.45479355465134E-5,-3.6929397369181904,160000000,1
6423,3.1416749,8.2246410206821E-5,2.6179160105592403E-5,-4.084883048531686,160000000,1
6454,3.14172295,1.3029641020700922E-4,4.147291542909893E-5,-3.885067549358507,160000000,1
6078,3.1416825,8.98464102068175E-5,2.8598182727509064E-5,-4.046499270347052,160000000,1
6184,3.141563375,-2.9278589793069187E-5,-9.319751441611197E-6,-4.533449844957819,160000000,1
6267,3.141800175,2.0752141020707882E-4,6.605175334140364E-5,-3.6829370900115768,160000000,1
6313,3.1414792,-1.1345358979308884E-4,-3.611470347888626E-5,-3.945181758019109,160000000,1
6344,3.14148375,-1.089035897932078E-4,-3.4666290982153835E-5,-3.9629578043426097,160000000,1
6376,3.1416584,6.57464102067351E-5,2.0927294389082882E-5,-4.182127954928961,160000000,1
5787,3.141486525,-1.0612858979319739E-4,-3.3782920585087466E-5,-3.974167606514686,160000000,1
5829,3.1413879,-2.0475358979332725E-4,-6.517933993230421E-5,-3.688768475336694,160000000,1
5946,3.1414367,-1.5595358979325624E-4,-4.964403382479623E-5,-3.8070046240523383,160000000,1
5945,3.1414595,-1.3315358979326675E-4,-4.238590050047335E-5,-3.8756471205777157,160000000,1
5981,3.141521325,-7.132858979330692E-5,-2.2705110809109952E-5,-4.146736362142772,160000000,1
6044,3.141486675,-1.0597858979322083E-4,-3.3735170878361545E-5,-3.9747818637337224,160000000,1
6055,3.1417517,1.5904641020680899E-4,5.0623481864212566E-5,-3.79847612878842,160000000,1
5745,3.1415627,-2.9953589792963697E-5,-9.534614665804282E-6,-4.523551122060959,160000000,1
5766,3.141487325,-1.0532858979317439E-4,-3.3528255535194426E-5,-3.9774537303895863,160000000,1
5800,3.141359875,-2.327785897930923E-4,-7.410121700656544E-5,-3.6330569671592556,160000000,1
5817,3.1413454,-2.4725358979305057E-4,-7.870945671655545E-5,-3.606857394307141,160000000,1
5818,3.1416324,3.974641020709768E-5,1.2651515246372452E-5,-4.400702089589905,160000000,1
5928,3.1414217,-1.7095358979313247E-4,-5.441917899565425E-5,-3.767121775177537,160000000,1
6035,3.141556575,-3.607858979304268E-5,-1.1484303698411887E-5,-4.442750446104295,160000000,1
5920,3.14166065,6.799641020682756E-5,2.164346114429245E-5,-4.167514014771981,160000000,1
6104,3.141706875,1.1422141020700494E-4,3.6356482240885356E-5,-3.942252482226405,160000000,1
6335,3.141762025,1.6937141020667568E-4,5.390968789454246E-5,-3.771159896469067,160000000,1
6400,3.141641125,4.8471410206918364E-5,1.5428691017952717E-5,-4.314514344911576,160000000,1
6432,3.141565,-2.7653589793175115E-5,-8.802488502760603E-6,-4.558248483665909,160000000,1
6486,3.14167155,7.889641020675242E-5,2.511287668080784E-5,-4.102942756776207,160000000,1
6611,3.1415524,-4.0253589792982325E-5,-1.2813279763527842E-5,-4.395195383426182,160000000,1
5845,3.141495225,-9.742858979322477E-5,-3.1013445132078715E-5,-4.0113135834960945,160000000,1
6005,3.141380925,-2.1172858979312537E-4,-6.739984575195234E-5,-3.6742204950695796,160000000,1
6124,3.1414857,-1.0695358979306846E-4,-3.404554405358855E-5,-3.9708046341765404,160000000,1
6124,3.1415006,-9.205358979302858E-5,-2.9302426296855897E-5,-4.0359592707460115,160000000,1
6160,3.14141665,-1.760035897930834E-4,-5.6026821463839695E-5,-3.754478474166372,160000000,1
6332,3.1417326,1.399464102069814E-4,4.4544341618055397E-5,-3.8540382372285045,160000000,1
6335,3.14173735,1.446964102069792E-4,4.605617659508654E-5,-3.8395422432184816,160000000,1
6130,3.141738725,1.4607141020706038E-4,4.6493812182634755E-5,-3.8354347779351805,160000000,1
6146,3.14163295,4.02964102068637E-5,1.2826581223265977E-5,-4.394733641124175,160000000,1
6172,3.1415931,4.464102070222964E-7,1.4209676199705697E-7,-6.35026588395672,160000000,1
6226,3.141575325,-1.7328589793308424E-5,-5.5158918697289E-6,-4.761236778884716,160000000,1
6259,3.14145325,-1.3940358979303014E-4,-4.4375509899130326E-5,-3.85572604254195,160000000,1
6290,3.14169355,1.0089641020671891E-4,3.211529342405752E-5,-3.996124285251168,160000000,1
6419,3.141813575,2.2092141020690903E-4,7.031652417725295E-5,-3.6557621932089788,160000000,1
5922,3.14165295,6.029641020699472E-5,1.919257510827054E-5,-4.219708543145112,160000000,1
5952,3.141530575,-6.20785897931242E-5,-1.9760619325859718E-5,-4.207058157278553,160000000,1
5969,3.14180865,2.159964102070866E-4,6.874906599009032E-5,-3.665553466627813,160000000,1
5953,3.14165375,6.109641020701773E-5,1.9447213177778654E-5,-4.21398430650186,160000000,1
5969,3.141640925,4.827141020680159E-5,1.5365031001052927E-5,-4.316310013464586,160000000,1
6000,3.1415563,-3.6353589793147734E-5,-1.1571840935382166E-5,-4.439452697586831,160000000,1
6031,3.14153805,-5.460358979325619E-5,-1.7381164551948112E-5,-4.262778804618454,160000000,1
6052,3.141477825,-1.1482858979317001E-4,-3.655241137765154E-5,-3.9399499687012836,160000000,1
5797,3.14160135,8.696410207065242E-6,2.7681456805667725E-6,-5.060659982897941,160000000,1
5828,3.141664125,7.147141020702463E-5,2.2749538895098987E-5,-4.145867648721738,160000000,1
5890,3.1414587,-1.3395358979328975E-4,-4.264057006170088E-5,-3.8730456433359013,160000000,1
5890,3.141836675,2.4402141020685164E-4,7.766839446129123E-5,-3.6125720674040305,160000000,1
5905,3.1414,-1.9265358979314584E-4,-6.132730304741384E-5,-3.7152228941888503,160000000,1
5937,3.1416075,1.4846410206992289E-5,4.725736810531643E-6,-4.828378544041181,160000000,1
5968,3.141490975,-1.016785897931527E-4,-3.2366347890957315E-5,-3.9927704857555746,160000000,1
5999,3.14150235,-9.030358979300601E-5,-2.8745351660490085E-5,-4.044294985054095,160000000,1
6047,3.1416972,1.045464102067406E-4,3.3277048535021325E-5,-3.980690874890015,160000000,1
6264,3.141565975,-2.667858979332749E-5,-8.492130996334556E-6,-4.573837130571177,160000000,1
6410,3.14171385,1.2119641020680305E-4,3.8576527332940604E-5,-3.9165102436224166,160000000,1
6469,3.1415859,-6.753589793184744E-6,-2.1497390197685648E-6,-5.170465321545817,160000000,1
6523,3.141359475,-2.3317858979332584E-4,-7.42285598477474E-5,-3.63231132853345,160000000,1
6577,3.14146525,-1.2740358979312916E-4,-4.055546684564764E-5,-3.8948183349097505,160000000,1
6609,3.1417664,1.737464102067321E-4,5.530214156174441E-5,-3.760084159650153,160000000,1
6781,3.14156445,-2.820358979294113E-5,-8.97756205286227E-6,-4.549695610544338,160000000,1
5985,3.14162045,2.779641020689283E-5,8.847793885124738E-6,-4.556011287823085,160000000,1
6389,3.141549875,-4.277858979317983E-5,-1.361703346924576E-5,-4.368773536153807,160000000,1
6391,3.141756425,1.6377141020695873E-4,5.212734154174881E-5,-3.785761911324479,160000000,1
6391,3.141540875,-5.177858979310557E-5,-1.648190867263682E-5,-4.2858497818928925,160000000,1
6406,3.141592775,1.214102067770284E-7,3.864606760722781E-8,-6.915744801229386,160000000,1
6437,3.141256075,-3.365785897933016E-4,-1.0714777202406257E-4,-3.47291351352466,160000000,1
6483,3.141649125,5.647141020670432E-5,1.7975085046043873E-5,-4.248171366905534,160000000,1
6482,3.1415866,-6.053589792998082E-6,-1.926921191030698E-6,-5.217987011306967,160000000,1
6297,3.141524575,-6.807858979307468E-5,-2.167055777148415E-5,-4.166989448978539,160000000,1
6423,3.141418375,-1.742785897929089E-4,-5.547767568301337E-5,-3.7587559628953144,160000000,1
6423,3.141586375,-6.278589792962919E-6,-1.9985411965516683E-6,-5.202137890324703,160000000,1
6454,3.141483225,-1.0942858979312575E-4,-3.483341528685889E-5,-3.960869197497361,160000000,1
6532,3.1416589,6.6246410206805E-5,2.108644264557333E-5,-4.178837650517429,160000000,1
6548,3.14160095,8.296410206831695E-6,2.640822414709193E-6,-5.081109782877556,160000000,1
6563,3.141700525,1.0787141020696112E-4,3.433535734821864E-5,-3.9670936436822837,160000000,1
6658,3.141545325,-4.732858979306087E-5,-1.5065384992674224E-5,-4.3248764356168605,160000000,1
